listing_name,address,room_type,nightly_rate_php,review_count,minimum_nights,availability_365,product_layout,is_playbnb,lat,lng,url
The Garden Deck w/ Heated Pool & KTV near SM North,"Quezon City, Philippines",Entire home,13508.49,339,2,151,Premium Suites,FALSE,14.655333060824127,121.03217519642357,https://www.airbnb.com/rooms/52172504?check_in=2026-06-09&check_out=2026-06-14&adults=1&locale=en-US&currency=USD
"Party Penthouse for 30 day guests in Cubao, QC","Quezon City, Philippines",Entire home,14281.32,35,1,275,Cozy Escapes,FALSE,14.620187995666639,121.05351865414269,https://www.airbnb.com/rooms/1415923675253899669?check_in=2026-06-09&check_out=2026-06-14&adults=1&locale=en-US&currency=USD
Luxury 2BR BEST Views @ Eastwood w/ Washer & Dryer,"Quezon City, Philippines",Entire condo,7208.83,25,2,153,Cozy Escapes,FALSE,14.609928799280897,121.0804887652412,https://www.airbnb.com/rooms/1503943601546560413?check_in=2026-06-09&check_out=2026-06-14&adults=1&locale=en-US&currency=USD
Spacious Caveroom in Lower Floor | Prime Location,"Quezon City, Philippines",Entire home,6366.62,117,1,151,Cozy Escapes,FALSE,14.625204083960503,121.06699521147367,https://www.airbnb.com/rooms/1159212863516055630?check_in=2026-06-09&check_out=2026-06-14&adults=1&locale=en-US&currency=USD
Entire Modern Stylish Home with Swimming Pool,"Quezon City, Philippines",Entire home,17681.52,118,2,259,Premium Suites,FALSE,14.62651988527272,121.06921392912884,https://www.airbnb.com/rooms/592898033170681966?check_in=2026-06-09&check_out=2026-06-14&adults=1&locale=en-US&currency=USD
Bahá'í Community,"Quezon City, Philippines",Entire guesthouse,18932.76,22,1,219,Premium Suites,FALSE,14.625756991957314,121.06846089166217,https://www.airbnb.com/rooms/1351259927047308893?check_in=2026-06-09&check_out=2026-06-14&adults=1&locale=en-US&currency=USD
White-Sand Villa/ Siargao vibes in QC,"Quezon City, Philippines",Entire villa,13519.95,73,2,203,Cozy Escapes,FALSE,14.624630398217588,121.06816098372731,https://www.airbnb.com/rooms/1188207618023888648?check_in=2026-06-09&check_out=2026-06-14&adults=1&locale=en-US&currency=USD
Luxury 2BR Loft w/ Parking | Eastwood Mall,"Quezon City, Philippines",Room in hotel,7756.02,4,2,165,Premium Suites,FALSE,14.609411640929059,121.07803174121361,https://www.airbnb.com/rooms/1689767915593772976?check_in=2026-06-09&check_out=2026-06-14&adults=1&locale=en-US&currency=USD
Luxurious 2BR Loft w/ Nice View | Eastwood Mall,"Quezon City, Philippines",Entire rental unit,8391.9,5,1,279,Cozy Escapes,FALSE,14.611825490850023,121.08021279053911,https://www.airbnb.com/rooms/1664301841777839577?check_in=2026-06-09&check_out=2026-06-14&adults=1&locale=en-US&currency=USD
CAMA Guesthouse with Indoor Pool-Fairview QC,"Quezon City, Philippines",Entire rental unit,6481.86,85,1,317,Premium Suites,FALSE,14.705235664090514,121.06202557479628,https://www.airbnb.com/rooms/1455395529203835647?check_in=2026-06-09&check_out=2026-06-14&adults=1&locale=en-US&currency=USD
1BR Muji Home near Eastwood Mall —City Skyline,"Quezon City, Philippines",Entire rental unit,6199.51,45,2,188,Cozy Escapes,FALSE,14.608625199847856,121.07948190821855,https://www.airbnb.com/rooms/1364997919482714933?check_in=2026-06-09&check_out=2026-06-14&adults=1&locale=en-US&currency=USD
Twin Calathea Villas (Unit A),"Quezon City, Philippines",Entire home,9295.65,3,2,293,Premium Suites,FALSE,14.623837047072128,121.06647478697076,https://www.airbnb.com/rooms/1668867633434218770?check_in=2026-06-09&check_out=2026-06-14&adults=1&locale=en-US&currency=USD
"Eastwood QC 2BR Condo 
Walk to Mall Cafés & Dining","Quezon City, Philippines",Entire condo,7573.22,21,1,166,Cozy Escapes,FALSE,14.610560581845231,121.0810666652523,https://www.airbnb.com/rooms/1106562073972907737?check_in=2026-06-09&check_out=2026-06-14&adults=1&locale=en-US&currency=USD
2BR Premium Corner Suite,"Quezon City, Philippines",Entire rental unit,7276.4,33,2,247,Premium Suites,FALSE,14.624796095055528,121.06901699193287,https://www.airbnb.com/rooms/1004030301232996426?check_in=2026-06-09&check_out=2026-06-14&adults=1&locale=en-US&currency=USD
Luxury Stay in QC: MiraNamin Nest Liryo&Lantana,"Quezon City, Philippines",Entire rental unit,8980.72,1,2,187,Premium Suites,FALSE,14.67447670461908,121.05634160215426,https://www.airbnb.com/rooms/1340320273738634898?check_in=2026-06-09&check_out=2026-06-14&adults=1&locale=en-US&currency=USD
"Eastwood Stay, 2BR Nordic flat with cityscape view","Quezon City, Philippines",Entire condo,7049.56,179,2,182,Premium Suites,FALSE,14.611641076211818,121.08001425051931,https://www.airbnb.com/rooms/31193109?check_in=2026-06-09&check_out=2026-06-14&adults=1&locale=en-US&currency=USD
Spacious 3BR-Tropical Poolhouse|Prime QC Location!,"Quezon City, Philippines",Entire home,18342.13,262,2,262,Premium Suites,FALSE,14.626132567332126,121.06835860161483,https://www.airbnb.com/rooms/587998158315907361?check_in=2026-06-09&check_out=2026-06-14&adults=1&locale=en-US&currency=USD
Casa Lily - 2BR Cozy Urban Getaway in Eastwood,"Quezon City, Philippines",Entire condo,7027.24,11,1,173,Cozy Escapes,FALSE,14.612061170870438,121.07962959469258,https://www.airbnb.com/rooms/1346720478438877302?check_in=2026-06-09&check_out=2026-06-14&adults=1&locale=en-US&currency=USD
"Luxury 2BR Loft w/ Free Pool, Parking + Videoke","Quezon City, Philippines",Entire rental unit,13481.34,17,2,158,Cozy Escapes,FALSE,14.626717976902611,121.06961341555882,https://www.airbnb.com/rooms/880322318006007661?check_in=2026-06-09&check_out=2026-06-14&adults=1&locale=en-US&currency=USD
3BR condo in Manhattan Parkview Tower 2 Cubao,"Quezon City, Philippines",Entire condo,6595.28,56,1,316,Premium Suites,FALSE,14.62058158826083,121.05595514216013,https://www.airbnb.com/rooms/41198841?check_in=2026-06-09&check_out=2026-06-14&adults=1&locale=en-US&currency=USD
2 BR Loft Unit in Eastwood LeGrand 3 Eastwood City,"Quezon City, Philippines",Entire loft,7900.21,28,1,239,Premium Suites,FALSE,14.610770497216842,121.08105836194902,https://www.airbnb.com/rooms/749928495804002507?check_in=2026-06-09&check_out=2026-06-14&adults=1&locale=en-US&currency=USD
Warm and Comfy Home Near Everything,"Quezon City, Philippines",Entire home,545322.87,0,2,192,Cozy Escapes,FALSE,14.624668646393344,121.06685071668494,https://www.airbnb.com/rooms/1618284989564479770?check_in=2026-06-09&check_out=2026-06-14&adults=1&locale=en-US&currency=USD
Penthouse with Panoramic Views,"Quezon City, Philippines",Entire rental unit,8109.56,77,1,272,Gaming Hubs,FALSE,14.625139792189001,121.06713586517888,https://www.airbnb.com/rooms/1145429297011287433?check_in=2026-06-09&check_out=2026-06-14&adults=1&locale=en-US&currency=USD
3BR Luxury Penthouse + Parking +  Dog Friendly,"Quezon City, Philippines",Entire rental unit,9777.68,31,2,190,Premium Suites,FALSE,14.626269913651049,121.06689717651345,https://www.airbnb.com/rooms/909912476446531838?check_in=2026-06-09&check_out=2026-06-14&adults=1&locale=en-US&currency=USD
Legrand Twr 1- 25th flr 3 bdrm 2 bath incl parking,"Quezon City, Philippines",Entire condo,6424.54,92,1,271,Gaming Hubs,FALSE,14.608880052087828,121.08117756372187,https://www.airbnb.com/rooms/822742583596456666?check_in=2026-06-09&check_out=2026-06-14&adults=1&locale=en-US&currency=USD
test,"Quezon City, Philippines",Entire rental unit,91701.6,0,1,220,Premium Suites,FALSE,14.623947135420517,121.06822032674495,https://www.airbnb.com/rooms/1674593638013156293?check_in=2026-06-09&check_out=2026-06-14&adults=1&locale=en-US&currency=USD
"Em's Haven
Spacious 2BR Home I Pet-Friendly","Quezon City, Philippines",Entire home,101076.88,0,2,257,Premium Suites,FALSE,14.623227201797999,121.06730388879589,https://www.airbnb.com/rooms/1526218643805086841?check_in=2026-06-09&check_out=2026-06-14&adults=1&locale=en-US&currency=USD
Cozy and Spacious Staycation CTC,"Quezon City, Philippines",Entire rental unit,109619.61,0,2,296,Gaming Hubs,FALSE,14.623564633904024,121.06799337369856,https://www.airbnb.com/rooms/1303893080692545642?check_in=2026-06-09&check_out=2026-06-14&adults=1&locale=en-US&currency=USD
Big Beach House,"Quezon City, Philippines",Entire home,113709.98,0,1,225,Cozy Escapes,FALSE,14.623137191282586,121.06748083793744,https://www.airbnb.com/rooms/11211420?check_in=2026-06-09&check_out=2026-06-14&adults=1&locale=en-US&currency=USD
MiraNamin Nest in MiraNila: Home with Unique Pool,"Quezon City, Philippines",Entire home,118813.9,0,1,194,Premium Suites,FALSE,14.671895720605924,121.0539557131689,https://www.airbnb.com/rooms/1341126116591529646?check_in=2026-06-09&check_out=2026-06-14&adults=1&locale=en-US&currency=USD
Hotel Inspired 1BR Suite near Solaire/Vertis North,"Quezon City, Philippines",Entire home,6331.03,9,1,230,Premium Suites,FALSE,14.623233409460633,121.06925883246213,https://www.airbnb.com/rooms/1556228922124263840?check_in=2026-06-09&check_out=2026-06-14&adults=1&locale=en-US&currency=USD
"4BR House w/Pool, KTV, Billiards –10mins from Mall","Quezon City, Philippines",Entire home,11030.13,98,2,259,Gaming Hubs,FALSE,14.624981528656557,121.06748436586652,https://www.airbnb.com/rooms/778701028567110124?check_in=2026-06-09&check_out=2026-06-14&adults=1&locale=en-US&currency=USD
Bali-inspired Saglit Private Villas,"Quezon City, Philippines",Entire place,47757.23,3,2,202,Premium Suites,FALSE,14.625607631118037,121.06929333902244,https://www.airbnb.com/rooms/881808419852688533?check_in=2026-06-09&check_out=2026-06-14&adults=1&locale=en-US&currency=USD
"MiraNamin Nest Wedding Prep: Dressing Suite, Pool","Quezon City, Philippines",Private room in bed and breakfast,57635.66,0,1,283,Premium Suites,FALSE,14.674592383817025,121.05727370601073,https://www.airbnb.com/rooms/1499120466091372421?check_in=2026-06-09&check_out=2026-06-14&adults=1&locale=en-US&currency=USD
House of XO,"Quezon City, Philippines",Entire villa,47406.11,1,2,250,Premium Suites,FALSE,14.625970590775832,121.06909564289637,https://www.airbnb.com/rooms/772056085148474733?check_in=2026-06-09&check_out=2026-06-14&adults=1&locale=en-US&currency=USD
Simplii Staycation at M Place.,"Quezon City, Philippines",Entire rental unit,61403.87,14,1,141,Cozy Escapes,FALSE,14.625849744443782,121.0669102891218,https://www.airbnb.com/rooms/769345184843908069?check_in=2026-06-09&check_out=2026-06-14&adults=1&locale=en-US&currency=USD
3-BR Luxury Suite w/ Skyline Views in Quezon City,"Quezon City, Philippines",Entire rental unit,35381.74,0,2,281,Gaming Hubs,FALSE,14.62359485943336,121.06811180383247,https://www.airbnb.com/rooms/1553377328136867396?check_in=2026-06-09&check_out=2026-06-14&adults=1&locale=en-US&currency=USD
Wedding preparation venue 50 pax - Vhomes Duplex,"Quezon City, Philippines",Entire home,41162.56,3,1,153,Cozy Escapes,FALSE,14.67597512994539,121.0795234072376,https://www.airbnb.com/rooms/45478272?check_in=2026-06-09&check_out=2026-06-14&adults=1&locale=en-US&currency=USD
Casa Katipunan Villa,"Quezon City, Philippines",Entire villa,27972,23,1,281,Premium Suites,FALSE,14.626273459784686,121.06998523693531,https://www.airbnb.com/rooms/1414808943724837608?check_in=2026-06-09&check_out=2026-06-14&adults=1&locale=en-US&currency=USD
"cheerful
3bed house
in quezon city
metro
manila","Quezon City, Philippines",Entire home,34567.28,0,1,203,Cozy Escapes,FALSE,14.625691527997144,121.06786754921824,https://www.airbnb.com/rooms/51402126?check_in=2026-06-09&check_out=2026-06-14&adults=1&locale=en-US&currency=USD
LHouse Cozy Home with Private Pool in Metro Manila,"Quezon City, Philippines",Entire home,19625.35,0,2,170,Premium Suites,FALSE,14.626117574688978,121.0687224558685,https://www.airbnb.com/rooms/1696173718985323721?check_in=2026-06-09&check_out=2026-06-14&adults=1&locale=en-US&currency=USD
Chill Spot Manila,"Quezon City, Philippines",Entire home,20465.14,228,1,158,Cozy Escapes,FALSE,14.624624321903102,121.06952684799674,https://www.airbnb.com/rooms/26703394?check_in=2026-06-09&check_out=2026-06-14&adults=1&locale=en-US&currency=USD
3BR Very Spacious Guesthouse w/ Private Pool,"Quezon City, Philippines",Entire guesthouse,31383.67,0,2,238,Premium Suites,FALSE,14.623643922260031,121.06992025225051,https://www.airbnb.com/rooms/1334368356553022379?check_in=2026-06-09&check_out=2026-06-14&adults=1&locale=en-US&currency=USD
Sophia's Place 2,"Quezon City, Philippines",Entire home,31837.95,0,1,165,Cozy Escapes,FALSE,14.625109277065844,121.06991964704916,https://www.airbnb.com/rooms/844075880910363676?check_in=2026-06-09&check_out=2026-06-14&adults=1&locale=en-US&currency=USD
Vhomes 60pax Weddingprep DgitalShoot 6BR6T&BDUplex,"Quezon City, Philippines",Entire home,41221.68,0,1,157,Gaming Hubs,FALSE,14.673978896349855,121.08136774161645,https://www.airbnb.com/rooms/930289934815383280?check_in=2026-06-09&check_out=2026-06-14&adults=1&locale=en-US&currency=USD
Condo in Cubao Quezon City,"Quezon City, Philippines",Entire home,28426.89,13,1,297,Gaming Hubs,FALSE,14.622963447406889,121.05418750060089,https://www.airbnb.com/rooms/892398742137834381?check_in=2026-06-09&check_out=2026-06-14&adults=1&locale=en-US&currency=USD
FAM / Kadas bonding 22 to 30 pax,"Quezon City, Philippines",Entire guesthouse,26927.69,1,2,268,Cozy Escapes,FALSE,14.623707144299521,121.06633851089143,https://www.airbnb.com/rooms/910546741751234253?check_in=2026-06-09&check_out=2026-06-14&adults=1&locale=en-US&currency=USD
SMDC Vine Residences,"Quezon City, Philippines",Entire rental unit,26414.28,0,2,309,Cozy Escapes,FALSE,14.62587984637171,121.06800770770106,https://www.airbnb.com/rooms/29470759?check_in=2026-06-09&check_out=2026-06-14&adults=1&locale=en-US&currency=USD
Unique unit with Hotel Vibe @ Mplace,"Quezon City, Philippines",Entire rental unit,40935.11,3,1,195,Premium Suites,FALSE,14.625128063018433,121.06723130142595,https://www.airbnb.com/rooms/768563652501400348?check_in=2026-06-09&check_out=2026-06-14&adults=1&locale=en-US&currency=USD
AFFORDABLE 1 BR CONDO FOR 1 PERSON TO BIG FAMILY,"Quezon City, Philippines",Entire condo,33857.2,29,2,174,Cozy Escapes,FALSE,14.625245056040585,121.06969435012248,https://www.airbnb.com/rooms/16222671?check_in=2026-06-09&check_out=2026-06-14&adults=1&locale=en-US&currency=USD
A Condo Unit for Lease at New Manila,"Quezon City, Philippines",Entire condo,28795.51,0,2,250,Premium Suites,FALSE,14.620707835804298,121.03359026250392,https://www.airbnb.com/rooms/42955301?check_in=2026-06-09&check_out=2026-06-14&adults=1&locale=en-US&currency=USD
Casa de Opark in Quezon City (All in Use),"Quezon City, Philippines",Entire home,29564.11,0,1,280,Gaming Hubs,FALSE,14.62467960565444,121.0677842788659,https://www.airbnb.com/rooms/1412127046475489855?check_in=2026-06-09&check_out=2026-06-14&adults=1&locale=en-US&currency=USD
4 BR Luxury Home w Jacuzzi near Ever Gotesco & UP,"Quezon City, Philippines",Entire home,22896.44,0,1,296,Premium Suites,FALSE,14.67510516894255,121.0785361744184,https://www.airbnb.com/rooms/1694501179900216276?check_in=2026-06-09&check_out=2026-06-14&adults=1&locale=en-US&currency=USD
The Mountain House - A Nature Place Near the City,"Quezon City, Philippines",Entire home,18249.82,1,2,181,Gaming Hubs,FALSE,14.623293799336068,121.06954022326973,https://www.airbnb.com/rooms/48536590?check_in=2026-06-09&check_out=2026-06-14&adults=1&locale=en-US&currency=USD
Solaire Deluxe room at bay tower,"Quezon City, Philippines",Room in hotel,16374.17,0,1,226,Cozy Escapes,FALSE,14.623782792133278,121.06730660023075,https://www.airbnb.com/rooms/657993065476420324?check_in=2026-06-09&check_out=2026-06-14&adults=1&locale=en-US&currency=USD
Cozy Modern space,"Quezon City, Philippines",Entire rental unit,23304.88,0,2,178,Premium Suites,FALSE,14.623249584105798,121.0672681966368,https://www.airbnb.com/rooms/928526714680155828?check_in=2026-06-09&check_out=2026-06-14&adults=1&locale=en-US&currency=USD
Sampaguita House with Swimming Pool,"Quezon City, Philippines",Entire home,16430.88,9,2,286,Gaming Hubs,FALSE,14.625530710307881,121.06774794375244,https://www.airbnb.com/rooms/1612043766616379299?check_in=2026-06-09&check_out=2026-06-14&adults=1&locale=en-US&currency=USD
Casa Alexa Guesthouse,"Quezon City, Philippines",Entire guesthouse,24446.92,1,1,247,Premium Suites,FALSE,14.623442679709754,121.06685729935671,https://www.airbnb.com/rooms/1094881445384145048?check_in=2026-06-09&check_out=2026-06-14&adults=1&locale=en-US&currency=USD
Casa Nostalgia - An Elegant and Lovely Home in QC,"Quezon City, Philippines",Entire home,22761.3,5,1,274,Cozy Escapes,FALSE,14.62527299961634,121.06708612867725,https://www.airbnb.com/rooms/1395481157236833305?check_in=2026-06-09&check_out=2026-06-14&adults=1&locale=en-US&currency=USD
Spacious 4BR Family House w/ big living room in QC,"Quezon City, Philippines",Entire home,11404.78,17,1,267,Gaming Hubs,FALSE,14.623456515783444,121.0660858773617,https://www.airbnb.com/rooms/1199673123419465587?check_in=2026-06-09&check_out=2026-06-14&adults=1&locale=en-US&currency=USD
Heradurra Dos 6BR with Pool & Jacuzzi,"Quezon City, Philippines",Entire townhouse,16434.5,102,1,303,Gaming Hubs,FALSE,14.625859297933056,121.06750188868213,https://www.airbnb.com/rooms/47723594?check_in=2026-06-09&check_out=2026-06-14&adults=1&locale=en-US&currency=USD
4BR | 2 Bath | 10-14pax | Pet-friendly | Casa Mapa,"Quezon City, Philippines",Entire home,10984.28,13,2,161,Premium Suites,FALSE,14.626652199902571,121.06795028448012,https://www.airbnb.com/rooms/1435910684397927895?check_in=2026-06-09&check_out=2026-06-14&adults=1&locale=en-US&currency=USD
Modern Cozy House with Private Pool in Fairview QC,"Quezon City, Philippines",Entire home,9164.73,45,1,183,Cozy Escapes,FALSE,14.705153219113498,121.0582729355408,https://www.airbnb.com/rooms/1213918028607214439?check_in=2026-06-09&check_out=2026-06-14&adults=1&locale=en-US&currency=USD
*Roosevelt Penthouse&Event Place&FIlm Set,"Quezon City, Philippines",Entire rental unit,20695,89,2,167,Gaming Hubs,FALSE,14.623593067269772,121.06779148000199,https://www.airbnb.com/rooms/28529222?check_in=2026-06-09&check_out=2026-06-14&adults=1&locale=en-US&currency=USD
HILIK by Teresita,"Quezon City, Philippines",Entire guesthouse,9369.85,416,1,312,Cozy Escapes,FALSE,14.62510258265771,121.06930555389914,https://www.airbnb.com/rooms/34239219?check_in=2026-06-09&check_out=2026-06-14&adults=1&locale=en-US&currency=USD
2 bedrooms w/balcony.,"Quezon City, Philippines",Entire rental unit,49727,0,1,139,Gaming Hubs,FALSE,14.624536923372187,121.06685494808293,https://www.airbnb.com/rooms/1179286201406700563?check_in=2026-06-09&check_out=2026-06-14&adults=1&locale=en-US&currency=USD
available for monthly rent,"Quezon City, Philippines",Private room in tower,28426.89,0,1,178,Gaming Hubs,FALSE,14.624019278829918,121.06820688466541,https://www.airbnb.com/rooms/825953341096914811?check_in=2026-06-09&check_out=2026-06-14&adults=1&locale=en-US&currency=USD
Haven Escapes Private Resort,"Quezon City, Philippines",Entire home,14213.14,108,2,239,Cozy Escapes,FALSE,14.625076383132487,121.06624689367972,https://www.airbnb.com/rooms/1387527405472032206?check_in=2026-06-09&check_out=2026-06-14&adults=1&locale=en-US&currency=USD
Tajanan — make yourself at Home.,"Quezon City, Philippines",Entire home,11793.91,47,1,135,Premium Suites,FALSE,14.624329690155573,121.06741918267589,https://www.airbnb.com/rooms/1407786802272956869?check_in=2026-06-09&check_out=2026-06-14&adults=1&locale=en-US&currency=USD
6⃣⑦Family Room For 4 People/Pool/Near LRT2 Cubao,"Quezon City, Philippines",Entire rental unit,21567.97,24,2,134,Premium Suites,FALSE,14.621494504792617,121.05371078145336,https://www.airbnb.com/rooms/1528601494057676052?check_in=2026-06-09&check_out=2026-06-14&adults=1&locale=en-US&currency=USD
unit for rent - eastwood city,"Quezon City, Philippines",Entire rental unit,28178.33,0,1,287,Gaming Hubs,FALSE,14.608783328817227,121.08132653004266,https://www.airbnb.com/rooms/1183014271416888859?check_in=2026-06-09&check_out=2026-06-14&adults=1&locale=en-US&currency=USD
Grass Residences SM North,"Quezon City, Philippines",Entire rental unit,19330.34,0,1,289,Gaming Hubs,FALSE,14.65661684796568,121.03294001890104,https://www.airbnb.com/rooms/1394595139948161568?check_in=2026-06-09&check_out=2026-06-14&adults=1&locale=en-US&currency=USD
Private Cozy Villa in Metro Manila,"Quezon City, Philippines",Entire villa,20422.31,101,1,274,Premium Suites,FALSE,14.623074699790218,121.0686713706646,https://www.airbnb.com/rooms/40314102?check_in=2026-06-09&check_out=2026-06-14&adults=1&locale=en-US&currency=USD
Garden Deck with 2 Parking and Videoke,"Quezon City, Philippines",Entire home,14077.4,2,2,130,Cozy Escapes,FALSE,14.625787727562711,121.06762007010076,https://www.airbnb.com/rooms/1556851046233409581?check_in=2026-06-09&check_out=2026-06-14&adults=1&locale=en-US&currency=USD
Spectacular Penthouse with Balcony @ Eastwood Mall,"Quezon City, Philippines",Entire rental unit,15942.2,0,2,256,Premium Suites,FALSE,14.609821344465017,121.078194010045,https://www.airbnb.com/rooms/1499614079240204764?check_in=2026-06-09&check_out=2026-06-14&adults=1&locale=en-US&currency=USD
Herradura Uno 6BR pool jacuzzi free wifi parking,"Quezon City, Philippines",Entire townhouse,15422.16,117,2,303,Premium Suites,FALSE,14.624318356422707,121.0684303228287,https://www.airbnb.com/rooms/47721911?check_in=2026-06-09&check_out=2026-06-14&adults=1&locale=en-US&currency=USD
Monthly Basis Only (Cubao QC),"Quezon City, Philippines",Entire rental unit,20467.56,0,1,291,Cozy Escapes,FALSE,14.620386991982349,121.05251912909112,https://www.airbnb.com/rooms/1147732708816116365?check_in=2026-06-09&check_out=2026-06-14&adults=1&locale=en-US&currency=USD
Obie's Prime Suite - 3BR KTV Lounge Near SM North,"Quezon City, Philippines",Entire rental unit,6481.25,139,1,291,Gaming Hubs,FALSE,14.656852440004982,121.03426726096812,https://www.airbnb.com/rooms/1170005417375419103?check_in=2026-06-09&check_out=2026-06-14&adults=1&locale=en-US&currency=USD
BIG FAMILY HOME 4BR 5T&B in Quezon City !!,"Quezon City, Philippines",Entire home,10609.03,187,2,280,Cozy Escapes,FALSE,14.623893370714038,121.0660158592239,https://www.airbnb.com/rooms/28675042?check_in=2026-06-09&check_out=2026-06-14&adults=1&locale=en-US&currency=USD
Exclusive Modern Penthouse | Luxe & Private,"Quezon City, Philippines",Entire home,11575.52,5,2,202,Premium Suites,FALSE,14.6259645672841,121.06929637445415,https://www.airbnb.com/rooms/1363583521189347563?check_in=2026-06-09&check_out=2026-06-14&adults=1&locale=en-US&currency=USD
Spacious living in New Manila,"Quezon City, Philippines",Entire rental unit,9312.54,3,2,218,Premium Suites,FALSE,14.620927661845089,121.03439755248614,https://www.airbnb.com/rooms/1153127629985807021?check_in=2026-06-09&check_out=2026-06-14&adults=1&locale=en-US&currency=USD
Wedding preparation venue 30pax - Vhomes House A,"Quezon City, Philippines",Entire home,21131.79,3,1,243,Gaming Hubs,FALSE,14.626570427902974,121.0663033232456,https://www.airbnb.com/rooms/931497742940052240?check_in=2026-06-09&check_out=2026-06-14&adults=1&locale=en-US&currency=USD
Experience art of luxury living,"Quezon City, Philippines",Room in hotel,22741.39,0,2,277,Cozy Escapes,FALSE,14.626803136477246,121.06825581894256,https://www.airbnb.com/rooms/1234516562560631251?check_in=2026-06-09&check_out=2026-06-14&adults=1&locale=en-US&currency=USD
Modern Ecletic Townhouse - Diliman (FOR EVENTS),"Quezon City, Philippines",Entire townhouse,11404.78,9,2,267,Premium Suites,FALSE,14.651599563132041,121.04999608124197,https://www.airbnb.com/rooms/37172068?check_in=2026-06-09&check_out=2026-06-14&adults=1&locale=en-US&currency=USD
Gar Angels Resort,"Quezon City, Philippines",Entire home,19082.38,2,2,317,Cozy Escapes,FALSE,14.625469547528773,121.06610825402942,https://www.airbnb.com/rooms/1544890954690729218?check_in=2026-06-09&check_out=2026-06-14&adults=1&locale=en-US&currency=USD
NEW Modern 2BR Loft w/FREEParking nr Eastwood Mall,"Quezon City, Philippines",Entire condo,8686.92,11,1,304,Gaming Hubs,FALSE,14.612458672012202,121.08120028574447,https://www.airbnb.com/rooms/1635378046422543147?check_in=2026-06-09&check_out=2026-06-14&adults=1&locale=en-US&currency=USD
Wedding preparation venue 30pax - Vhomes House B,"Quezon City, Philippines",Entire home,20842.81,1,1,193,Premium Suites,FALSE,14.62446915520914,121.06727193406876,https://www.airbnb.com/rooms/930258019308788282?check_in=2026-06-09&check_out=2026-06-14&adults=1&locale=en-US&currency=USD
Cozy Condo for you to Stay,"Quezon City, Philippines",Entire condo,22968.84,2,2,271,Premium Suites,FALSE,14.625753630482592,121.06863285956253,https://www.airbnb.com/rooms/41682060?check_in=2026-06-09&check_out=2026-06-14&adults=1&locale=en-US&currency=USD
3BR Apartment in Quezon City,"Quezon City, Philippines",Entire rental unit,7366.9,19,1,199,Cozy Escapes,FALSE,14.62331774224993,121.06631158181746,https://www.airbnb.com/rooms/1485394136645740785?check_in=2026-06-09&check_out=2026-06-14&adults=1&locale=en-US&currency=USD
Sky Pad @ The Sky Suites Tower (Penthouse) Q.C,"Quezon City, Philippines",Entire condo,7180.48,113,2,255,Premium Suites,FALSE,14.623576253612526,121.06794075265154,https://www.airbnb.com/rooms/1204705034043324441?check_in=2026-06-09&check_out=2026-06-14&adults=1&locale=en-US&currency=USD
Condo in Quezon City Skyline & sunset view,"Quezon City, Philippines",Entire rental unit,9892.91,1,1,256,Gaming Hubs,FALSE,14.623069625174626,121.06659562489949,https://www.airbnb.com/rooms/1265880255077766866?check_in=2026-06-09&check_out=2026-06-14&adults=1&locale=en-US&currency=USD
Stylish 3-Bedroom Apartment with City View,"Quezon City, Philippines",Entire rental unit,8073.36,0,2,284,Cozy Escapes,FALSE,14.624615660115145,121.06898901507165,https://www.airbnb.com/rooms/1643326797963925494?check_in=2026-06-09&check_out=2026-06-14&adults=1&locale=en-US&currency=USD
2BR Luxe Stay Pool • Gym • Netflix • 5-Star Rated,"Quezon City, Philippines",Entire condo,11711.86,6,1,154,Premium Suites,FALSE,14.62613289970532,121.06642453538346,https://www.airbnb.com/rooms/1468450202397507487?check_in=2026-06-09&check_out=2026-06-14&adults=1&locale=en-US&currency=USD
"Pool, Garden, DIY Bkfst: MiraNamin Nest Sampaguita","Quezon City, Philippines",Private room in bed and breakfast,9978.58,0,2,245,Cozy Escapes,FALSE,14.674683979335427,121.0548112455925,https://www.airbnb.com/rooms/1341000109306925399?check_in=2026-06-09&check_out=2026-06-14&adults=1&locale=en-US&currency=USD
Barkada/Bonding/Fam/Couple,"Quezon City, Philippines",Private room in bed and breakfast,22100.69,0,1,155,Cozy Escapes,FALSE,14.676630784281716,121.08194599487167,https://www.airbnb.com/rooms/1002120154112129380?check_in=2026-06-09&check_out=2026-06-14&adults=1&locale=en-US&currency=USD
Apartment/Office Use For Rent,"Quezon City, Philippines",Entire rental unit,27625.71,0,1,181,Gaming Hubs,FALSE,14.626289493346587,121.0694227792723,https://www.airbnb.com/rooms/1130119696907463991?check_in=2026-06-09&check_out=2026-06-14&adults=1&locale=en-US&currency=USD
Apartment with Garage For Rent,"Quezon City, Philippines",Entire rental unit,20995.44,0,1,198,Gaming Hubs,FALSE,14.623842820550315,121.06663084723986,https://www.airbnb.com/rooms/1129550190965459994?check_in=2026-06-09&check_out=2026-06-14&adults=1&locale=en-US&currency=USD
"Cozy studio w 65’TV, 300mbps Wi-Fi and Netflix!","Quezon City, Philippines",Entire rental unit,6890.29,13,2,252,Premium Suites,FALSE,14.62429582986515,121.06972014660202,https://www.airbnb.com/rooms/1304612917759849034?check_in=2026-06-09&check_out=2026-06-14&adults=1&locale=en-US&currency=USD
Grass residence Sm north edsa,"Quezon City, Philippines",Entire rental unit,20467.56,0,1,313,Cozy Escapes,FALSE,14.656636117738486,121.03163545081802,https://www.airbnb.com/rooms/1427285091627680592?check_in=2026-06-09&check_out=2026-06-14&adults=1&locale=en-US&currency=USD
"3BRs City View, great vacay for 6! SM FairView","Quezon City, Philippines",Entire condo,6683.96,9,1,241,Premium Suites,FALSE,14.706418111269734,121.05978776530215,https://www.airbnb.com/rooms/33154047?check_in=2026-06-09&check_out=2026-06-14&adults=1&locale=en-US&currency=USD
House A 3BR w/billiards hockey along Commonwealth,"Quezon City, Philippines",Entire home,12981.81,81,1,171,Premium Suites,FALSE,14.67442429259997,121.08084978923016,https://www.airbnb.com/rooms/691542615020081778?check_in=2026-06-09&check_out=2026-06-14&adults=1&locale=en-US&currency=USD
Spacious 3BR Condo-Manhattan Parkview Tower 2,"Quezon City, Philippines",Entire rental unit,9085.09,49,1,238,Cozy Escapes,FALSE,14.621088574402966,121.05264157054685,https://www.airbnb.com/rooms/958273367733321735?check_in=2026-06-09&check_out=2026-06-14&adults=1&locale=en-US&currency=USD
Twin Calathea Villas (Unit B),"Quezon City, Philippines",Entire home,9295.65,1,2,257,Gaming Hubs,FALSE,14.625559938234277,121.06891313629504,https://www.airbnb.com/rooms/1669547687579796915?check_in=2026-06-09&check_out=2026-06-14&adults=1&locale=en-US&currency=USD
E-PLACE RICHLAND 1... NEW & spacious place for you,"Quezon City, Philippines",Entire townhouse,14441.19,21,2,179,Cozy Escapes,FALSE,14.625213773569092,121.06717780222371,https://www.airbnb.com/rooms/45929608?check_in=2026-06-09&check_out=2026-06-14&adults=1&locale=en-US&currency=USD
Ideal Family Getaway Connected to Eastwood Mall,"Quezon City, Philippines",Entire condo,6613.98,0,1,138,Gaming Hubs,FALSE,14.609567618247121,121.07901874850559,https://www.airbnb.com/rooms/1639591218086519764?check_in=2026-06-09&check_out=2026-06-14&adults=1&locale=en-US&currency=USD
Pool Suite w/Garden View: MiraNamin Nest Gumamela,"Quezon City, Philippines",Private room in bed and breakfast,9978.58,0,2,164,Premium Suites,FALSE,14.672021871732735,121.05743249675092,https://www.airbnb.com/rooms/1341084892766318684?check_in=2026-06-09&check_out=2026-06-14&adults=1&locale=en-US&currency=USD
House B 3BR w/arcade fooseball along Commonwealth,"Quezon City, Philippines",Entire home,12873.22,62,2,203,Premium Suites,FALSE,14.676109772686102,121.08056372773275,https://www.airbnb.com/rooms/691557968337091415?check_in=2026-06-09&check_out=2026-06-14&adults=1&locale=en-US&currency=USD
3 bedrooms 2 storey Condotel,"Quezon City, Philippines",Entire home,8425.08,146,2,138,Premium Suites,FALSE,14.626409810094163,121.06625165275298,https://www.airbnb.com/rooms/879494911613754081?check_in=2026-06-09&check_out=2026-06-14&adults=1&locale=en-US&currency=USD
Jessie & Sheree Guesthouse- Whole House,"Quezon City, Philippines",Entire townhouse,7506.86,48,2,159,Gaming Hubs,FALSE,14.625807411200366,121.06771455565467,https://www.airbnb.com/rooms/20275059?check_in=2026-06-09&check_out=2026-06-14&adults=1&locale=en-US&currency=USD
Brand New Fully Furnished 1 BHK,"Quezon City, Philippines",Tower,9392.17,0,1,266,Cozy Escapes,FALSE,14.624544219922274,121.06897703101858,https://www.airbnb.com/rooms/1267853206479814560?check_in=2026-06-09&check_out=2026-06-14&adults=1&locale=en-US&currency=USD
CityscapeThe39th at Eastwood Global Plaza,"Quezon City, Philippines",Entire condo,10233.78,1,1,284,Cozy Escapes,FALSE,14.609059633636846,121.08038493017536,https://www.airbnb.com/rooms/1238947619518416527?check_in=2026-06-09&check_out=2026-06-14&adults=1&locale=en-US&currency=USD
Spacious 3BR (114 sqm)  unit w/ a  MR,"Quezon City, Philippines",Entire condo,8055.26,15,1,181,Gaming Hubs,FALSE,14.626078633137979,121.06993174575082,https://www.airbnb.com/rooms/22883995?check_in=2026-06-09&check_out=2026-06-14&adults=1&locale=en-US&currency=USD
"2 BR Suite w/ parking, Netflix & Self check-in","Quezon City, Philippines",Entire condo,6276.73,77,2,172,Gaming Hubs,FALSE,14.623136055598035,121.06739275383484,https://www.airbnb.com/rooms/20311820?check_in=2026-06-09&check_out=2026-06-14&adults=1&locale=en-US&currency=USD
NEW Posh 2BR | Elegant & Pet-friendly | Eastwood,"Quezon City, Philippines",Entire condo,8076.98,0,2,272,Cozy Escapes,FALSE,14.609841008583084,121.07823132068161,https://www.airbnb.com/rooms/1622864508609559563?check_in=2026-06-09&check_out=2026-06-14&adults=1&locale=en-US&currency=USD
Modern Eclectic Townhouse in Diliman QC (4BR/5TB),"Quezon City, Philippines",Entire townhouse,9889.9,55,1,177,Cozy Escapes,FALSE,14.652201748557388,121.04932221810111,https://www.airbnb.com/rooms/33227764?check_in=2026-06-09&check_out=2026-06-14&adults=1&locale=en-US&currency=USD
xxx,"Quezon City, Philippines",Entire rental unit,11138.12,0,1,166,Gaming Hubs,FALSE,14.624155642257072,121.06865098546352,https://www.airbnb.com/rooms/1697787439125163883?check_in=2026-06-09&check_out=2026-06-14&adults=1&locale=en-US&currency=USD
1BR Eastwood Parkview 1 above Eastwood Mall,"Quezon City, Philippines",Entire condo,7277,2,1,133,Gaming Hubs,FALSE,14.609738228145988,121.08036707228571,https://www.airbnb.com/rooms/9820944?check_in=2026-06-09&check_out=2026-06-14&adults=1&locale=en-US&currency=USD
Sky Line @ The Sky Suites Tower (Penthouse) Q.C,"Quezon City, Philippines",Entire rental unit,7518.32,104,1,273,Cozy Escapes,FALSE,14.623225028735586,121.06789970998932,https://www.airbnb.com/rooms/1146061833431339649?check_in=2026-06-09&check_out=2026-06-14&adults=1&locale=en-US&currency=USD
Greenview Executive Village 3 rooms with toilets,"Quezon City, Philippines",Entire home,17124.07,2,2,282,Premium Suites,FALSE,14.623415089376271,121.06860837588087,https://www.airbnb.com/rooms/1268892896892379334?check_in=2026-06-09&check_out=2026-06-14&adults=1&locale=en-US&currency=USD
Luxury 2Br/2Ba Eastwood Global,"Quezon City, Philippines",Entire rental unit,6845.65,5,1,143,Premium Suites,FALSE,14.612425866502337,121.07881251928731,https://www.airbnb.com/rooms/1000173444515564632?check_in=2026-06-09&check_out=2026-06-14&adults=1&locale=en-US&currency=USD
Peaceful Retreat near the Mall,"Quezon City, Philippines",Entire rental unit,11702.81,0,1,303,Premium Suites,FALSE,14.62640930077713,121.06885501909163,https://www.airbnb.com/rooms/1670151668498068195?check_in=2026-06-09&check_out=2026-06-14&adults=1&locale=en-US&currency=USD
Vertis High Park Condo Tower 2,"Quezon City, Philippines",Entire condo,15022.17,0,2,308,Cozy Escapes,FALSE,14.624192155904137,121.06992475074995,https://www.airbnb.com/rooms/1250888423157318737?check_in=2026-06-09&check_out=2026-06-14&adults=1&locale=en-US&currency=USD
Home sweet home,"Quezon City, Philippines",Entire home,16942.47,0,1,136,Premium Suites,FALSE,14.623901057137177,121.06658873097506,https://www.airbnb.com/rooms/1158892634336229290?check_in=2026-06-09&check_out=2026-06-14&adults=1&locale=en-US&currency=USD
30 sqm unit,"Quezon City, Philippines",Entire rental unit,9821.72,0,1,181,Cozy Escapes,FALSE,14.625493684013374,121.06784474259801,https://www.airbnb.com/rooms/1166220262714013912?check_in=2026-06-09&check_out=2026-06-14&adults=1&locale=en-US&currency=USD
BrandNew One Bedroom w/ Balcony SkyLine City View,"Quezon City, Philippines",Entire condo,10006.33,0,2,143,Premium Suites,FALSE,14.625679933923296,121.06739714111573,https://www.airbnb.com/rooms/1265880474798461092?check_in=2026-06-09&check_out=2026-06-14&adults=1&locale=en-US&currency=USD
A Quiet Place That Brings You The Noise Of Freedom,"Quezon City, Philippines",Entire rental unit,11371,14,2,188,Premium Suites,FALSE,14.624827805244363,121.06965274560172,https://www.airbnb.com/rooms/1140483219582550219?check_in=2026-06-09&check_out=2026-06-14&adults=1&locale=en-US&currency=USD
Condo at Vertis High Park,"Quezon City, Philippines",Entire rental unit,10449.76,0,2,132,Gaming Hubs,FALSE,14.626121925150045,121.06680178878828,https://www.airbnb.com/rooms/843683738978204343?check_in=2026-06-09&check_out=2026-06-14&adults=1&locale=en-US&currency=USD
ERod Staycation,"Quezon City, Philippines",Entire rental unit,6322.58,59,1,163,Gaming Hubs,FALSE,14.62363053271547,121.06601418058574,https://www.airbnb.com/rooms/848934362688247715?check_in=2026-06-09&check_out=2026-06-14&adults=1&locale=en-US&currency=USD
"2 Bedroom Spacious in Cubao, Quezon City","Quezon City, Philippines",Entire condo,7526.17,91,1,270,Premium Suites,FALSE,14.620045070494525,121.05557252182923,https://www.airbnb.com/rooms/566580380303565663?check_in=2026-06-09&check_out=2026-06-14&adults=1&locale=en-US&currency=USD
Home in Quezon City| Townhouse,"Quezon City, Philippines",Entire townhouse,7845.31,2,1,296,Cozy Escapes,FALSE,14.626236225570553,121.06937797149736,https://www.airbnb.com/rooms/1421036217440186789?check_in=2026-06-09&check_out=2026-06-14&adults=1&locale=en-US&currency=USD
Prestigious 2.5BR Beside Eastwood Mall,"Quezon City, Philippines",Entire rental unit,6014.9,0,1,261,Gaming Hubs,FALSE,14.608931802245788,121.07825382730793,https://www.airbnb.com/rooms/1637601952641695327?check_in=2026-06-09&check_out=2026-06-14&adults=1&locale=en-US&currency=USD
Fairview: A Luxurious Retreat,"Quezon City, Philippines",Room in hotel,19330.34,0,2,125,Premium Suites,FALSE,14.706120217387005,121.0619493755227,https://www.airbnb.com/rooms/1387461228591035324?check_in=2026-06-09&check_out=2026-06-14&adults=1&locale=en-US&currency=USD
"Premier 2 Bedroom Suite Cubao, Quezon City","Quezon City, Philippines",Entire serviced apartment,6171.76,0,2,178,Cozy Escapes,FALSE,14.621989264390432,121.05421478995513,https://www.airbnb.com/rooms/38675266?check_in=2026-06-09&check_out=2026-06-14&adults=1&locale=en-US&currency=USD
"Grass Residences 18 flr,1BR

.","Quezon City, Philippines",Private room in rental unit,25015.83,0,1,136,Gaming Hubs,FALSE,14.654730915977433,121.0334301144885,https://www.airbnb.com/rooms/1066927764641369468?check_in=2026-06-09&check_out=2026-06-14&adults=1&locale=en-US&currency=USD
Casa Alexa - Entire Modern Home in DonJose - IDEAL,"Quezon City, Philippines",Entire home,20695,0,1,155,Gaming Hubs,FALSE,14.626037955977022,121.06728277858532,https://www.airbnb.com/rooms/691121886937135783?check_in=2026-06-09&check_out=2026-06-14&adults=1&locale=en-US&currency=USD
Da Fay Apartment,"Quezon City, Philippines",Entire home,14652.95,0,1,194,Cozy Escapes,FALSE,14.626590951056219,121.06697277780157,https://www.airbnb.com/rooms/31045983?check_in=2026-06-09&check_out=2026-06-14&adults=1&locale=en-US&currency=USD
Spacious Room at Fairview FEU,"Quezon City, Philippines",Private room in home,11371,0,2,303,Premium Suites,FALSE,14.706059602720103,121.06101463198047,https://www.airbnb.com/rooms/887428237171220072?check_in=2026-06-09&check_out=2026-06-14&adults=1&locale=en-US&currency=USD
Good for 10-20pax.Near UP.across Ateneo Katipunan,"Quezon City, Philippines",Entire condo,13804.11,0,2,151,Cozy Escapes,FALSE,14.676553450807184,121.08192428553104,https://www.airbnb.com/rooms/42010695?check_in=2026-06-09&check_out=2026-06-14&adults=1&locale=en-US&currency=USD
XoraEventPlace - Great for Celebrations & Seminars,"Quezon City, Philippines",Entire home,17238.69,0,2,259,Premium Suites,FALSE,14.626519617254846,121.06607201666571,https://www.airbnb.com/rooms/1597486231183603246?check_in=2026-06-09&check_out=2026-06-14&adults=1&locale=en-US&currency=USD
Family and friends bonding space,"Quezon City, Philippines",Casa particular,11343.85,0,2,244,Cozy Escapes,FALSE,14.626583433927037,121.06886546334717,https://www.airbnb.com/rooms/1607255139418085307?check_in=2026-06-09&check_out=2026-06-14&adults=1&locale=en-US&currency=USD
"2Bedroom Balcony, Pool & Netflix","Quezon City, Philippines",Room in hotel,6379.29,1,2,140,Premium Suites,FALSE,14.62410852449853,121.06849261246622,https://www.airbnb.com/rooms/1448914324781958400?check_in=2026-06-09&check_out=2026-06-14&adults=1&locale=en-US&currency=USD
Classy Condo Connected to Eastwood Mall w 75” tv,"Quezon City, Philippines",Entire rental unit,7445.93,0,2,268,Gaming Hubs,FALSE,14.611832454744727,121.08147692117802,https://www.airbnb.com/rooms/1638774366323217943?check_in=2026-06-09&check_out=2026-06-14&adults=1&locale=en-US&currency=USD
2-Bedroom Condo,"Quezon City, Philippines",Entire rental unit,17226.63,0,2,203,Cozy Escapes,FALSE,14.623714888959192,121.06975749028288,https://www.airbnb.com/rooms/1537666085546380743?check_in=2026-06-09&check_out=2026-06-14&adults=1&locale=en-US&currency=USD
Escape. Relax. Celebrate in style!,"Quezon City, Philippines",Entire home,7792.22,1,1,131,Premium Suites,FALSE,14.624885090975091,121.06641247771587,https://www.airbnb.com/rooms/1625423781990844711?check_in=2026-06-09&check_out=2026-06-14&adults=1&locale=en-US&currency=USD
spacious 1 bedroom penthouse unit,"Quezon City, Philippines",Entire condo,7187.72,9,2,282,Gaming Hubs,FALSE,14.623491251244209,121.067622656486,https://www.airbnb.com/rooms/29995629?check_in=2026-06-09&check_out=2026-06-14&adults=1&locale=en-US&currency=USD
Breathtaking views in every room,"Quezon City, Philippines",Entire home,8642.27,0,2,149,Gaming Hubs,FALSE,14.626665375204757,121.0668329021996,https://www.airbnb.com/rooms/1456254536668489101?check_in=2026-06-09&check_out=2026-06-14&adults=1&locale=en-US&currency=USD
Private pool in Commonwealth QC,"Quezon City, Philippines",Entire guesthouse,8732.77,7,2,256,Cozy Escapes,FALSE,14.677036634019762,121.0803693263838,https://www.airbnb.com/rooms/52120026?check_in=2026-06-09&check_out=2026-06-14&adults=1&locale=en-US&currency=USD
Outdoor/Indoor place @ Antipolo,"Quezon City, Philippines",Hut,9153.27,0,1,150,Gaming Hubs,FALSE,14.626917982653715,121.06714050639421,https://www.airbnb.com/rooms/726528074472743252?check_in=2026-06-09&check_out=2026-06-14&adults=1&locale=en-US&currency=USD
Relaxing two bedroom with balcony facing amenity.,"Quezon City, Philippines",Tiny home,8869.11,0,2,193,Gaming Hubs,FALSE,14.624706024680286,121.06699893971812,https://www.airbnb.com/rooms/705402306726048367?check_in=2026-06-09&check_out=2026-06-14&adults=1&locale=en-US&currency=USD
Valor House Pool (1 ROOM - 5pax),"Quezon City, Philippines",Private room in villa,9286.6,0,2,307,Cozy Escapes,FALSE,14.624059814685955,121.06705649560503,https://www.airbnb.com/rooms/1641886418504880263?check_in=2026-06-09&check_out=2026-06-14&adults=1&locale=en-US&currency=USD
302 - Party Place - Wedding Preparation,"Quezon City, Philippines",Entire guesthouse,9096.56,3,1,200,Gaming Hubs,FALSE,14.624841085009276,121.06712633765024,https://www.airbnb.com/rooms/637998104497786976?check_in=2026-06-09&check_out=2026-06-14&adults=1&locale=en-US&currency=USD
Santori-mini,"Quezon City, Philippines",Entire home,11050.04,1,1,125,Premium Suites,FALSE,14.625595206495374,121.06816635162942,https://www.airbnb.com/rooms/843786080676495782?check_in=2026-06-09&check_out=2026-06-14&adults=1&locale=en-US&currency=USD
2 bedrooms 2 storey Condotel,"Quezon City, Philippines",Entire rental unit,7503.24,3,2,216,Premium Suites,FALSE,14.626849128274246,121.06647441667505,https://www.airbnb.com/rooms/882322685542495141?check_in=2026-06-09&check_out=2026-06-14&adults=1&locale=en-US&currency=USD
Cozy Home 2 Bedroom in Eastwood w/netflix & wi-fi,"Quezon City, Philippines",Entire rental unit,8040.18,0,1,301,Premium Suites,FALSE,14.609162010280416,121.08184366950728,https://www.airbnb.com/rooms/1515959534635014394?check_in=2026-06-09&check_out=2026-06-14&adults=1&locale=en-US&currency=USD
Oasis @ The Glam Residences Quezon City,"Quezon City, Philippines",Entire rental unit,11371,0,1,237,Cozy Escapes,FALSE,14.623388106601313,121.06860587189905,https://www.airbnb.com/rooms/1634298677463216789?check_in=2026-06-09&check_out=2026-06-14&adults=1&locale=en-US&currency=USD
2 Bedroom Netflix & Chill,"Quezon City, Philippines",Room in hotel,7634.76,1,1,219,Premium Suites,FALSE,14.626905615168624,121.06934193843603,https://www.airbnb.com/rooms/1448928845918551400?check_in=2026-06-09&check_out=2026-06-14&adults=1&locale=en-US&currency=USD
Condo in Araneta Center with one free parking,"Quezon City, Philippines",Entire condo,6504.18,31,2,202,Cozy Escapes,FALSE,14.623749267281033,121.06953525221068,https://www.airbnb.com/rooms/911065959560337102?check_in=2026-06-09&check_out=2026-06-14&adults=1&locale=en-US&currency=USD
Bulova apartment Entire building,"Quezon City, Philippines",Entire rental unit,13645.44,1,1,169,Premium Suites,FALSE,14.626925151250326,121.06986661039386,https://www.airbnb.com/rooms/1311433697799441623?check_in=2026-06-09&check_out=2026-06-14&adults=1&locale=en-US&currency=USD
Paula Kristina Vacation Home Rentals,"Quezon City, Philippines",Entire home,10063.65,0,2,128,Premium Suites,FALSE,14.623727305317297,121.06852804360538,https://www.airbnb.com/rooms/1461389320287709849?check_in=2026-06-09&check_out=2026-06-14&adults=1&locale=en-US&currency=USD
Infina Tower unit3923 staycation,"Quezon City, Philippines",Entire rental unit,6367.83,2,1,320,Premium Suites,FALSE,14.625553441064433,121.06830833283531,https://www.airbnb.com/rooms/1173087782393859774?check_in=2026-06-09&check_out=2026-06-14&adults=1&locale=en-US&currency=USD
Infina Tower Penthouse unit,"Quezon City, Philippines",Entire rental unit,6594.67,6,2,295,Premium Suites,FALSE,14.626188067973592,121.06837863729429,https://www.airbnb.com/rooms/1173087643410707145?check_in=2026-06-09&check_out=2026-06-14&adults=1&locale=en-US&currency=USD
Condo in Cubao Quezon City,"Quezon City, Philippines",Entire condo,8460.08,0,2,203,Gaming Hubs,FALSE,14.619785058318637,121.05378111773096,https://www.airbnb.com/rooms/1274119840057994782?check_in=2026-06-09&check_out=2026-06-14&adults=1&locale=en-US&currency=USD
"Luxurious Heights Connected to Eastwood Mall 75""TV","Quezon City, Philippines",Entire rental unit,7049.56,0,1,313,Gaming Hubs,FALSE,14.609768275100738,121.08143607460298,https://www.airbnb.com/rooms/1592494694851605748?check_in=2026-06-09&check_out=2026-06-14&adults=1&locale=en-US&currency=USD
Entire Guesthouse: 4 Private Studios in QC,"Quezon City, Philippines",Entire rental unit,8309.85,0,2,247,Gaming Hubs,FALSE,14.624275636488571,121.06845089429989,https://www.airbnb.com/rooms/1573509469136432801?check_in=2026-06-09&check_out=2026-06-14&adults=1&locale=en-US&currency=USD
Movie Night Projector | 3 Units + Pool | SM North,"Quezon City, Philippines",Entire rental unit,7456.18,11,2,147,Gaming Hubs,FALSE,14.65681821395345,121.03128721984979,https://www.airbnb.com/rooms/1539858219568072594?check_in=2026-06-09&check_out=2026-06-14&adults=1&locale=en-US&currency=USD
Brand New 2-Bedroom Luxury Condo,"Quezon City, Philippines",Entire rental unit,10498.02,0,1,261,Premium Suites,FALSE,14.626471984064207,121.06626154241152,https://www.airbnb.com/rooms/1111819789329193864?check_in=2026-06-09&check_out=2026-06-14&adults=1&locale=en-US&currency=USD
Elegant 3BR Apt w/ Terrace,"Quezon City, Philippines",Entire rental unit,11834.94,0,1,160,Premium Suites,FALSE,14.6265087322779,121.0660459071407,https://www.airbnb.com/rooms/1466418928621929501?check_in=2026-06-09&check_out=2026-06-14&adults=1&locale=en-US&currency=USD
Cool & Cozy Room in Fairview QC,"Quezon City, Philippines",Entire rental unit,10233.78,0,2,177,Gaming Hubs,FALSE,14.705825592396222,121.05959385542236,https://www.airbnb.com/rooms/831072837241438919?check_in=2026-06-09&check_out=2026-06-14&adults=1&locale=en-US&currency=USD
Fully furnished Townhouse  near AliMall,"Quezon City, Philippines",Entire townhouse,10396.07,1,2,159,Gaming Hubs,FALSE,14.623795470731332,121.06882043469697,https://www.airbnb.com/rooms/16621702?check_in=2026-06-09&check_out=2026-06-14&adults=1&locale=en-US&currency=USD
Luxury a space we call the Big G,"Quezon City, Philippines",Entire rental unit,11716.69,1,1,264,Premium Suites,FALSE,14.626156111415476,121.06764325695299,https://www.airbnb.com/rooms/977979334962160665?check_in=2026-06-09&check_out=2026-06-14&adults=1&locale=en-US&currency=USD
Private Greenhills Plunge Pool for Family Retreats,"Quezon City, Philippines",Private room in rental unit,8665.2,0,2,186,Gaming Hubs,FALSE,14.62389694698155,121.06715474949497,https://www.airbnb.com/rooms/1569288353108061425?check_in=2026-06-09&check_out=2026-06-14&adults=1&locale=en-US&currency=USD
Spacious House inside a private subdivision,"Quezon City, Philippines",Entire home,9699.25,150,2,139,Gaming Hubs,FALSE,14.62676814099215,121.0677916646041,https://www.airbnb.com/rooms/1249351?check_in=2026-06-09&check_out=2026-06-14&adults=1&locale=en-US&currency=USD
Spacious 2BR + Maid’s Room in Eastwood,"Quezon City, Philippines",Entire rental unit,6268.29,0,2,305,Gaming Hubs,FALSE,14.610160131426529,121.07927996535003,https://www.airbnb.com/rooms/1665828163236633486?check_in=2026-06-09&check_out=2026-06-14&adults=1&locale=en-US&currency=USD
Urban Escape Pool (Min 2 nights),"Quezon City, Philippines",Entire home,14350.09,0,1,233,Premium Suites,FALSE,14.62650659708213,121.06769160239119,https://www.airbnb.com/rooms/1691276429854150123?check_in=2026-06-09&check_out=2026-06-14&adults=1&locale=en-US&currency=USD
Grass Residences,"Quezon City, Philippines",Room in hotel,7459.2,0,1,152,Gaming Hubs,FALSE,14.657793889815734,121.0331544633614,https://www.airbnb.com/rooms/1693549154479536388?check_in=2026-06-09&check_out=2026-06-14&adults=1&locale=en-US&currency=USD
"3 BR QC condo w/ balcony, w/ WiFi, fully-furnished","Quezon City, Philippines",Entire condo,7611.23,44,1,185,Premium Suites,FALSE,14.62314770087134,121.0667242919961,https://www.airbnb.com/rooms/854620892572862058?check_in=2026-06-09&check_out=2026-06-14&adults=1&locale=en-US&currency=USD
FamilySuites LoftStyle 2 Bedroom,"Quezon City, Philippines",Private room in bed and breakfast,8641.07,0,2,157,Gaming Hubs,FALSE,14.625619405670092,121.06870975993759,https://www.airbnb.com/rooms/1320724323143624505?check_in=2026-06-09&check_out=2026-06-14&adults=1&locale=en-US&currency=USD
2Bedroom Condo Unit Family Suite (Loft Style),"Quezon City, Philippines",Private room in bed and breakfast,8959,0,1,132,Cozy Escapes,FALSE,14.625631549644284,121.06866696899291,https://www.airbnb.com/rooms/1573662690652318787?check_in=2026-06-09&check_out=2026-06-14&adults=1&locale=en-US&currency=USD
Bali-Inspired Staycation in Quezon City,"Quezon City, Philippines",Entire loft,9664.87,0,1,308,Premium Suites,FALSE,14.623753921802155,121.0676541386228,https://www.airbnb.com/rooms/1601314647719621231?check_in=2026-06-09&check_out=2026-06-14&adults=1&locale=en-US&currency=USD
Relaxing and Cozy Staycation (2 Bedrooms Premier),"Quezon City, Philippines",Private room in bed and breakfast,9095.35,9,2,210,Premium Suites,FALSE,14.624844901072793,121.06695220467076,https://www.airbnb.com/rooms/649633520273445127?check_in=2026-06-09&check_out=2026-06-14&adults=1&locale=en-US&currency=USD
Manhattan Plaza Tower 2 Cubao,"Quezon City, Philippines",Private room in condo,10233.78,1,1,315,Premium Suites,FALSE,14.622123436967843,121.05628616794031,https://www.airbnb.com/rooms/1370104847503267957?check_in=2026-06-09&check_out=2026-06-14&adults=1&locale=en-US&currency=USD
Home away from Home,"Quezon City, Philippines",Room in hotel,8059.48,7,1,157,Cozy Escapes,FALSE,14.624032426209189,121.06823594291414,https://www.airbnb.com/rooms/890721524857245371?check_in=2026-06-09&check_out=2026-06-14&adults=1&locale=en-US&currency=USD
Quezon City A. Bonifacio 3BR 10pax 2 car parks WI-FI,"Quezon City, Philippines",Entire townhouse,8789.48,91,1,309,Premium Suites,FALSE,14.623545633716509,121.069725461293,https://www.airbnb.com/rooms/41942880?check_in=2026-06-09&check_out=2026-06-14&adults=1&locale=en-US&currency=USD
Penthouse Unit in Porto Vita Towers,"Quezon City, Philippines",Entire rental unit,8738.2,0,1,175,Gaming Hubs,FALSE,14.623700628637335,121.06692235066183,https://www.airbnb.com/rooms/1568599295959067142?check_in=2026-06-09&check_out=2026-06-14&adults=1&locale=en-US&currency=USD
MINIMALIST CITY LIVING!  HBO-GO AND NETFLIX!,"Quezon City, Philippines",Entire condo,7393.44,6,1,279,Gaming Hubs,FALSE,14.623256894639693,121.0667422029851,https://www.airbnb.com/rooms/651976080282789476?check_in=2026-06-09&check_out=2026-06-14&adults=1&locale=en-US&currency=USD
Condo Staycation in Quezon City Metro Manila,"Quezon City, Philippines",Entire condo,8528.25,17,2,120,Cozy Escapes,FALSE,14.624146495157852,121.06701836980785,https://www.airbnb.com/rooms/49679310?check_in=2026-06-09&check_out=2026-06-14&adults=1&locale=en-US&currency=USD
"Luxurious 2.5 BR w/ 75"" Smart TV at @ Eastwood","Quezon City, Philippines",Entire rental unit,8196.43,0,2,184,Cozy Escapes,FALSE,14.610488342778757,121.07812327437718,https://www.airbnb.com/rooms/1637545701161598824?check_in=2026-06-09&check_out=2026-06-14&adults=1&locale=en-US&currency=USD
2 bedroom condo in Eastwood,"Quezon City, Philippines",Entire rental unit,6776.87,0,1,204,Gaming Hubs,FALSE,14.609580542499199,121.0807334148433,https://www.airbnb.com/rooms/1416132965981049308?check_in=2026-06-09&check_out=2026-06-14&adults=1&locale=en-US&currency=USD
your home away from home,"Quezon City, Philippines",Room in hotel,8028.11,2,1,178,Premium Suites,FALSE,14.624011362738907,121.06714467215724,https://www.airbnb.com/rooms/891192919879757490?check_in=2026-06-09&check_out=2026-06-14&adults=1&locale=en-US&currency=USD
Fully furnished 3-storey house,"Quezon City, Philippines",Entire home,7299.93,0,1,304,Cozy Escapes,FALSE,14.623679782317952,121.06786067954357,https://www.airbnb.com/rooms/812786317774739691?check_in=2026-06-09&check_out=2026-06-14&adults=1&locale=en-US&currency=USD
Del Nacia Ville 1 Big House For Rent,"Quezon City, Philippines",Entire home,8295.38,0,1,258,Premium Suites,FALSE,14.623769583806396,121.06794563257415,https://www.airbnb.com/rooms/1679351568649306384?check_in=2026-06-09&check_out=2026-06-14&adults=1&locale=en-US&currency=USD
"Premier 3 Bedroom Suite, Cubao, Quezon City","Quezon City, Philippines",Entire serviced apartment,7365.69,1,2,294,Cozy Escapes,FALSE,14.61949309630692,121.05436077230814,https://www.airbnb.com/rooms/40275495?check_in=2026-06-09&check_out=2026-06-14&adults=1&locale=en-US&currency=USD
303 Family/Barkada/Friends Room,"Quezon City, Philippines",Private room in guesthouse,7847.73,38,1,151,Premium Suites,FALSE,14.625738121519797,121.06908936161174,https://www.airbnb.com/rooms/893745659508063292?check_in=2026-06-09&check_out=2026-06-14&adults=1&locale=en-US&currency=USD
10-20pax.near Katips University/ UP/Reviewees/Kadas,"Quezon City, Philippines",Entire condo,7527.37,2,2,226,Cozy Escapes,FALSE,14.676320357545466,121.07929502851144,https://www.airbnb.com/rooms/41824833?check_in=2026-06-09&check_out=2026-06-14&adults=1&locale=en-US&currency=USD
Visit ABS CBN or GMA studios.,"Quezon City, Philippines",Entire rental unit,6981.99,1,2,187,Gaming Hubs,FALSE,14.623426684301347,121.06799416363332,https://www.airbnb.com/rooms/23629841?check_in=2026-06-09&check_out=2026-06-14&adults=1&locale=en-US&currency=USD
Combined 4BR MPlace Quezon City,"Quezon City, Philippines",Entire rental unit,10159.57,0,1,188,Gaming Hubs,FALSE,14.623012748185545,121.06601906867326,https://www.airbnb.com/rooms/880065982855001349?check_in=2026-06-09&check_out=2026-06-14&adults=1&locale=en-US&currency=USD
Fern 03 @ The Grass Residences T5 North Edsa QC,"Quezon City, Philippines",Entire rental unit,6822.12,0,1,299,Cozy Escapes,FALSE,14.658045462462866,121.0319054681318,https://www.airbnb.com/rooms/1634295107367294347?check_in=2026-06-09&check_out=2026-06-14&adults=1&locale=en-US&currency=USD
Landseaair Homes,"Quezon City, Philippines",Private room in rental unit,8840.76,0,2,308,Premium Suites,FALSE,14.626696379989385,121.06613581050374,https://www.airbnb.com/rooms/1069949775792102470?check_in=2026-06-09&check_out=2026-06-14&adults=1&locale=en-US&currency=USD
Spacious Condo,"Quezon City, Philippines",Entire home,11050.04,0,2,201,Cozy Escapes,FALSE,14.623462924980558,121.06705341534968,https://www.airbnb.com/rooms/906625443200315436?check_in=2026-06-09&check_out=2026-06-14&adults=1&locale=en-US&currency=USD
Barkada/Family Staycation Unit,"Quezon City, Philippines",Entire condo,6525.29,3,2,197,Gaming Hubs,FALSE,14.62309227279015,121.06712276801932,https://www.airbnb.com/rooms/1436197497703931428?check_in=2026-06-09&check_out=2026-06-14&adults=1&locale=en-US&currency=USD
Quick get-away from the city.,"Quezon City, Philippines",Private room in bed and breakfast,6547.61,0,1,164,Gaming Hubs,FALSE,14.623406270969658,121.06663963707815,https://www.airbnb.com/rooms/895520640483433818?check_in=2026-06-09&check_out=2026-06-14&adults=1&locale=en-US&currency=USD
"""In front of Eastwood  Mall (Entire unit)","Quezon City, Philippines",Entire condo,7015.78,0,1,241,Cozy Escapes,FALSE,14.612231220740824,121.08186411673817,https://www.airbnb.com/rooms/47913622?check_in=2026-06-09&check_out=2026-06-14&adults=1&locale=en-US&currency=USD
In the Heart of Tomas Morato Quezon City,"Quezon City, Philippines",Entire rental unit,7391.03,0,2,194,Cozy Escapes,FALSE,14.623997760999016,121.06757060597278,https://www.airbnb.com/rooms/8278928?check_in=2026-06-09&check_out=2026-06-14&adults=1&locale=en-US&currency=USD
3BR Overlooking 2 Floor Combined Condo Unit in QC,"Quezon City, Philippines",Entire rental unit,6253.81,0,2,159,Gaming Hubs,FALSE,14.623098815809003,121.06880517156794,https://www.airbnb.com/rooms/1696509116462792468?check_in=2026-06-09&check_out=2026-06-14&adults=1&locale=en-US&currency=USD
DO NOT BOOK - Test account,"Quezon City, Philippines",Entire rental unit,11050.04,0,1,126,Cozy Escapes,FALSE,14.623679945449345,121.06788411205075,https://www.airbnb.com/rooms/1392030107202851279?check_in=2026-06-09&check_out=2026-06-14&adults=1&locale=en-US&currency=USD
Hostel for 8 pax in Quezon City near UP/Katipunan,"Quezon City, Philippines",Private room in hostel,6845.65,1,2,148,Premium Suites,FALSE,14.673926009696164,121.0792536156131,https://www.airbnb.com/rooms/1539662535560888848?check_in=2026-06-09&check_out=2026-06-14&adults=1&locale=en-US&currency=USD
South Flower Dianchi subway romantic 3 bedroom,"Quezon City, Philippines",Private room in rental unit,6708.7,0,2,295,Premium Suites,FALSE,14.623880451210775,121.06995260037296,https://www.airbnb.com/rooms/25274277?check_in=2026-06-09&check_out=2026-06-14&adults=1&locale=en-US&currency=USD
2 Condo Units Grass Residences SM North QC Tower 5,"Quezon City, Philippines",Entire condo,6889.69,4,2,232,Cozy Escapes,FALSE,14.655512998994254,121.03373585403375,https://www.airbnb.com/rooms/1023561297067147048?check_in=2026-06-09&check_out=2026-06-14&adults=1&locale=en-US&currency=USD
CASA JENINA III,"Quezon City, Philippines",Private room in rental unit,7581.67,15,2,287,Cozy Escapes,FALSE,14.624246749746613,121.0698121180646,https://www.airbnb.com/rooms/48469819?check_in=2026-06-09&check_out=2026-06-14&adults=1&locale=en-US&currency=USD
Torre Venezia Condominium,"Quezon City, Philippines",Private room in condo,8840.76,0,1,142,Cozy Escapes,FALSE,14.625389583707786,121.06834276684,https://www.airbnb.com/rooms/881313950415173359?check_in=2026-06-09&check_out=2026-06-14&adults=1&locale=en-US&currency=USD
Spacious One Bedroom @ Grass Residences,"Quezon City, Philippines",Private room in vacation home,7163.58,0,1,233,Cozy Escapes,FALSE,14.655522883346118,121.03372517211307,https://www.airbnb.com/rooms/705319869779407205?check_in=2026-06-09&check_out=2026-06-14&adults=1&locale=en-US&currency=USD
The Snow Game Hub / Gaming Unit,"Quezon City, Philippines",Entire condo,9391.57,0,2,228,Cozy Escapes,FALSE,14.625563126021065,121.06999569577724,https://www.airbnb.com/rooms/697299335258746537?check_in=2026-06-09&check_out=2026-06-14&adults=1&locale=en-US&currency=USD
2big Rms for 20pax ! 5mins walk to Ateneo/Near UP,"Quezon City, Philippines",Entire condo,6959.07,0,2,123,Cozy Escapes,FALSE,14.67381508760266,121.08125486259534,https://www.airbnb.com/rooms/41825156?check_in=2026-06-09&check_out=2026-06-14&adults=1&locale=en-US&currency=USD
2K's: A Homey Crib in the Metro,"Quezon City, Philippines",Entire rental unit,6385.93,0,1,152,Gaming Hubs,FALSE,14.624296334081329,121.06647904782369,https://www.airbnb.com/rooms/825114631612534987?check_in=2026-06-09&check_out=2026-06-14&adults=1&locale=en-US&currency=USD
Cozy Vacation 3BR Entire Home,"Quezon City, Philippines",Entire guesthouse,12592.68,0,2,198,Premium Suites,FALSE,14.625436738159507,121.0665738338977,https://www.airbnb.com/rooms/1356996633752910545?check_in=2026-06-09&check_out=2026-06-14&adults=1&locale=en-US&currency=USD
"2bedroom, Grass Residences","Quezon City, Philippines",Entire rental unit,6889.69,2,2,158,Gaming Hubs,FALSE,14.656462189833448,121.03162248862107,https://www.airbnb.com/rooms/1029408923690297620?check_in=2026-06-09&check_out=2026-06-14&adults=1&locale=en-US&currency=USD
Ins style.Simplicity is not simplicity,"Quezon City, Philippines",Private room in home,6353.96,0,2,301,Premium Suites,FALSE,14.624967410608194,121.0664974252116,https://www.airbnb.com/rooms/45210156?check_in=2026-06-09&check_out=2026-06-14&adults=1&locale=en-US&currency=USD
Da Briones Staycation,"Quezon City, Philippines",Entire loft,9664.87,0,2,171,Cozy Escapes,FALSE,14.624024967206642,121.06883919797744,https://www.airbnb.com/rooms/673721889734355074?check_in=2026-06-09&check_out=2026-06-14&adults=1&locale=en-US&currency=USD
Seminar/Tutorials/Meeting Place,"Quezon City, Philippines",Private room in bed and breakfast,9392.78,0,2,201,Cozy Escapes,FALSE,14.62643791425135,121.06647254493926,https://www.airbnb.com/rooms/1024094831205863393?check_in=2026-06-09&check_out=2026-06-14&adults=1&locale=en-US&currency=USD
Two bedrooms Loft Style Condo,"Quezon City, Philippines",Private room in bed and breakfast,7958.73,0,1,228,Gaming Hubs,FALSE,14.62624147521332,121.0679157320084,https://www.airbnb.com/rooms/1294927024829683982?check_in=2026-06-09&check_out=2026-06-14&adults=1&locale=en-US&currency=USD
"Cozy, Calm & Clean 2 Bedroom. Best Place to Stay","Quezon City, Philippines",Entire rental unit,6904.77,0,1,144,Cozy Escapes,FALSE,14.62449742203299,121.06629177751392,https://www.airbnb.com/rooms/1652779027406041035?check_in=2026-06-09&check_out=2026-06-14&adults=1&locale=en-US&currency=USD
Verdant Blush,"Quezon City, Philippines",Private room in bed and breakfast,8028.11,0,1,277,Cozy Escapes,FALSE,14.624595456273296,121.06897449783142,https://www.airbnb.com/rooms/836130584914834127?check_in=2026-06-09&check_out=2026-06-14&adults=1&locale=en-US&currency=USD
ACVL staycation,"Quezon City, Philippines",Room in hotel,6822.12,2,1,256,Premium Suites,FALSE,14.624921658338048,121.06982746918779,https://www.airbnb.com/rooms/872347777783467378?check_in=2026-06-09&check_out=2026-06-14&adults=1&locale=en-US&currency=USD
Cyraelle's Place,"Quezon City, Philippines",Entire rental unit,6367.23,0,1,277,Gaming Hubs,FALSE,14.626482119034044,121.067404707361,https://www.airbnb.com/rooms/1151057817458671769?check_in=2026-06-09&check_out=2026-06-14&adults=1&locale=en-US&currency=USD
Manhattan Hts-Brand new condo for you to enjoy!,"Quezon City, Philippines",Entire condo,7144.28,10,2,185,Cozy Escapes,FALSE,14.62208740872331,121.05247399966623,https://www.airbnb.com/rooms/784835175364369173?check_in=2026-06-09&check_out=2026-06-14&adults=1&locale=en-US&currency=USD
2 Bedroom Deluxe,"Quezon City, Philippines",Room in hotel,8287.53,0,1,191,Gaming Hubs,FALSE,14.624275620841422,121.06951692386065,https://www.airbnb.com/rooms/1482983876345854002?check_in=2026-06-09&check_out=2026-06-14&adults=1&locale=en-US&currency=USD
2 Units 32nd flr & 23rd flr SM North EDSA,"Quezon City, Philippines",Entire condo,6252.6,0,1,296,Premium Suites,FALSE,14.656137061744742,121.0319696342362,https://www.airbnb.com/rooms/1273073089679965331?check_in=2026-06-09&check_out=2026-06-14&adults=1&locale=en-US&currency=USD
Staycation services,"Quezon City, Philippines",Private room in rental unit,6822.12,0,1,228,Cozy Escapes,FALSE,14.626835963944904,121.06618873926438,https://www.airbnb.com/rooms/1359134404849170422?check_in=2026-06-09&check_out=2026-06-14&adults=1&locale=en-US&currency=USD
The Neo 6 Home,"Quezon City, Philippines",Entire bungalow,6790.74,16,2,256,Gaming Hubs,FALSE,14.624682328224182,121.06835752430837,https://www.airbnb.com/rooms/35533776?check_in=2026-06-09&check_out=2026-06-14&adults=1&locale=en-US&currency=USD
2br tandem staycation,"Quezon City, Philippines",Room in hotel,7735.51,1,2,131,Gaming Hubs,FALSE,14.623601664164104,121.0676290282365,https://www.airbnb.com/rooms/1370639999032075594?check_in=2026-06-09&check_out=2026-06-14&adults=1&locale=en-US&currency=USD
PlayBNB Escapes - Premium Gaming Suite,"922 Aurora Blvd., Brgy. Marilag, Quezon City",Entire Suite,5500,48,1,300,Premium Suites,TRUE,14.6255,121.0645,https://www.airbnb.com
